{
  "params": {
    "max_length": 256,
    "epochs": 2,
    "batch_size": 2,
    "eval_batch_size": 8,
    "learning_rate": 1.278828922008836e-05,
    "weight_decay": 0.005334916687929385,
    "warmup_ratio": 0.017202394489085567,
    "grad_accum_steps": 1
  },
  "metadata": {
    "model_name": "distilgpt2",
    "seed": 0
  },
  "macro_f1": 0.5925601113919817
}