{
  "params": {
    "num_filters": 200,
    "filter_sizes": "2,3,4,5",
    "dropout": 0.3352508177673667,
    "lr": 0.00020720710727454412,
    "batch_size": 128,
    "epochs": 10
  },
  "metadata": {
    "f1_score": 0.6245,
    "glove_source": "42B",
    "glove_dim": 300
  }
}
