{
  "num_filters": 200,
  "filter_sizes": "2,3,4,5",
  "dropout": 0.47600620417822004,
  "lr": 0.0002976499224164491,
  "weight_decay": 1e-4,
  "batch_size": 128,
  "epochs": 15
}